artikel;name;ek
200001;Abdeckhauben;1
200002;"AirPor ""Zero"" FBH-Verbundplatte WLG 040 DESsg 20-2 mm, Trittschalldämmplatte mit Gewebefolie inkl. Rasteraufdruck, SENTINEL Haus Institut geprüft ( EPD ), je Paket 10,00 qm";1
200003;"AirPor ""Zero"" FBH-Verbundplatte WLG 040 DESsg 30-2 mm, Trittschalldämmplatte mit Gewebefolie inkl. Rasteraufdruck, SENTINEL Haus Institut geprüft ( EPD ), je Paket 10,00 qm";1
200004;"AirPor ""Zero"" FBH-Verbundplatte WLG 045 DESsm 20-2 mm, Trittschalldämmplatte mit Gewebefolie inkl. Rasteraufdruck, SENTINEL Haus Institut geprüft ( EPD ), je Paket 10,00 qm";1
200005;"AirPor ""Zero"" WD> 100 kPa EPS 035 DEO 20 mm - 12,00 qm, EPS Wärmedämmplatte WLG 035, SENTINEL Haus Institut geprüft ( EPD )";1
200006;"AirPor ""Zero"" WD> 100 kPa EPS 035 DEO 30 mm - 8,00 qm, EPS Wärmedämmplatte WLG 035, SENTINEL Haus Institut geprüft ( EPD )";1
200007;"AirPor ""Zero"" WD> 100 kPa EPS 035 DEO 40 mm - 6,00 qm, EPS Wärmedämmplatte WLG 035, SENTINEL Haus Institut geprüft ( EPD )";1
200008;"AirPor ""Zero"" WD> 100 kPa EPS 035 DEO 50 mm - 4,50 qm, EPS Wärmedämmplatte WLG 035, SENTINEL Haus Institut geprüft ( EPD )";1
200009;"AirPor ""Zero"" WD> 100 kPa EPS 035 DEO 60 mm - 4,00 qm, EPS Wärmedämmplatte WLG 035, SENTINEL Haus Institut geprüft ( EPD )";1
200010;"AirPor ""Zero"" WD> 100 kPa EPS 035 DEO 70 mm - 3,00 qm, EPS Wärmedämmplatte WLG 035, SENTINEL Haus Institut geprüft ( EPD )";1
200011;ALUJET - Anschlussstreifen Speed - 200 mm / 30,0 m, Vollflächig selbstklebendes Verbundmaterial;1
200012;ALUJET - Floorjet Speed - Abdichtungsbahn - 75,0 qm, Bitumenfreie Abdichtungsbahn, 1,50 mx 50,00 m;1
200013;ALUJET - Walljet ALU - Abdichtungsbahn - 50,0 qm, Bitumenfreie Abdichtungsbahn mit Alu-Verbundschichtaufbau, 1,00 m x 50,00 m;1
200014;ALUJET Trimline Estrichkantenschutz / Estrichwinkel 60x60x3 mm weiss;1
200015;ALUJET Trimline Estrichkantenschutz / Estrichwinkel 80x40x3 mm weiss;1
200016;Armacell AS Wickelbandagen Tubolit WF, selbstklebend  -  3,60 lfm.;1
200017;Bachl BIT Perlit Ausgleichschüttung;1
200018;Bostik SL G905 ALPHA ST Reparatur Gips 20 kg 42 Sack / Palette 42 Sack / Palette;1
200019;Bostik A930 RENOLIGHT Acryl Weiss 300 ml;1
200020;Bostik Dämmplatte 11 mm ( 60 x 100 cm );1
200021;Bostik Dämmplatte 4 mm ( 60 x 100 cm );1
200022;Bostik FIX A995 Fixierung VLIES + 10 kg;1
200023;Bostik Grip A500 Multi Universalgrundierung 10 kg 32 Gebinde / Palette 32 Gebinde / Palette;1
200024;Bostik Grip A936 XPRESS Grundierung 12 kg für nicht saugfähige Untergründe;1
200025;Bostik H751 Supergrip Xtrem Weiss - Montageklebstoff 450 g;1
200026;Bostik HYTEC E730 B Epoxy-Grundierung Kom. A 5,7 kg;1
200027;Bostik HYTEC E730 B Epoxy-Grundierung Kom. B 2,3 kg;1
200028;Bostik HYTEC P510 Renorapid - 1 K PU-Grundierung 11 kg;1
200029;Bostik MIX A 793 Emulsion - Universalabdichtung 10 ltr.;1
200030;Bostik NIBOCLEAN PRO WIPES x 80 Reinigungstuch;1
200031;Bostik PE-Randstreifen 5 mm / 50 mm - 25 m mit integriertem Vliesrücken mit SK-Fuß, 4 Rollen / Karton;1
200032;Bostik RENO P520 EASY - 2K Reparaturharz 2 x 300 ml 5 Gebinde / Karton;1
200033;Bostik SL C350 Universal Spachtelmasse 25 kg 42 Sack / Palette 42 Sack / Palette;1
200034;Bostik SL C510 PRO Spachtelmasse 25 kg 42 Sack / Palette 42 Sack / Palette;1
200035;Bostik SL C710 BEST Spachtelmasse 25 kg 42 Sack / Palette 42 Sack / Palette;1
200036;Bostik SL C920 Reparatur Spachtelmasse 30 kg 42 Sack / Palette 42 Sack / Palette;1
200037;Bostik SL C940 XL Spachtelmasse 30 kg 36 Sack / Palette 36 Sack / Palette;1
200038;Bostik SL G560 Alpha Faser Spachtelmasse Gips 25 kg 42 Sack / Palette 42 Sack / Palette;1
200039;Bostik STIX A340 LVT PROJEKT Designbelagsklebstoff 14 kg 33 Eimer / Palette 33 Eimer / Palette;1
200040;Bostik STIX A530 TEX POWER Universalklebstoff 14 kg 33 Eimer / Palette 33 Eimer / Palette;1
200041;Bostik WOOD H200 ELASTIC Parkettklebstoff 17 kg 33 Eimer / Ealette 33 Eimer / Ealette;1
200042;Bostik WOOD H550 ECO PLUS Parkettklebstoff 17 kg 33 Eimer / Palette 33 Eimer / Palette;1
200043;Bostik WOOD H770 ECO Premium Parkettklebstoff 16 kg 33 Eimer / Palette 33 Eimer / Palette;1
200044;BTF Flüstermatte 8mm, 35m²/Rolle;1
200045;concept Isolierung 50% Armaflex HP;1
200046;Dehnfugen Schutzrohr - UW-PPLmod. BS 19 sw., geschlitzt (50m Ring);1
200047;"Dehnfugenprofil ""Basic 80"" - 10/80 mm - 1,80 m -, mit Selbstklebefuß";1
200048;Dyckerhoff PZ Doppel N / CEM I 42,5 - 25 kg je Sack, 25kg, je Palette 56 Sack je Sack, 25kg, je Palette 56 Sack;1
200049;Dyckerhoff weiß, CEM I/42,5 R - 25 kg je Sack, 25kg, je Palette 56 Sack je Sack, 25kg, je Palette 56 Sack;1
200050;EPS 035 DES sg - PSTK 10000 EPS Trittschalldämmplatte WLG 035;1
200051;EPS 035 DESsg PSTK 10000 30-2 mm - 7,50 qm EPS Trittschalldämmplatte WLG 035;1
200052;EPS 035 DESsg PSTK 10000 40-2 mm - 5,50 qm EPS Trittschalldämmplatte WLG 035;1
200053;EPS 035 DESsg PSTK 10000 50-2 mm - 4,50 qm EPS Trittschalldämmplatte WLG 035;1
200054;EPS 040 DES sg - PSTK 5000 EPS Trittschalldämmplatte WLG 040;1
200055;EPS 040 DESsg PSTK 5000 20-2 mm - 11,00 qm EPS Trittschalldämmplatte WLG 040;1
200056;EPS 040 DESsg PSTK 5000 30-2 mm - 7,50 qm EPS Trittschalldämmplatte WLG 040;1
200057;EPS 040 DESsg PSTK 5000 40-2 mm - 5,50 qm EPS Trittschalldämmplatte WLG 040;1
200058;EPS 040 DESsg PSTK 5000 50-2 mm - 4,50 qm EPS Trittschalldämmplatte WLG 040;1
200059;EPS 045 DES sm - PSTK 4000 EPS Trittschalldämmplatte WLG 045;1
200060;EPS 045 DESsm PSTK 4000 15-2 mm - 15,00 qm EPS Trittschalldämmplatte WLG 045;1
200061;EPS 045 DESsm PSTK 4000 20-2 mm - 11,00 qm EPS Trittschalldämmplatte WLG 045;1
200062;EPS 045 DESsm PSTK 4000 25-2 mm - 9,00 qm EPS Trittschalldämmplatte WLG 045;1
200063;EPS 045 DESsm PSTK 4000 30-3 mm - 7,50 qm EPS Trittschalldämmplatte WLG 045;1
200064;EPS 045 DESsm PSTK 4000 35-3 mm - 6,50 qm EPS Trittschalldämmplatte WLG 045;1
200065;EPS 045 DESsm PSTK 4000 40-3 mm - 5,50 qm EPS Trittschalldämmplatte WLG 045;1
200066;EPS 045 DESsm PSTK 4000 45-3 mm - 5,00 qm EPS Trittschalldämmplatte WLG 045;1
200067;EPS 045 DESsm PSTK 4000 50-3 mm - 4,50 qm EPS Trittschalldämmplatte WLG 045;1
200068;EPS 045 DESsm PSTK 4000 60-3 mm - 4,00 qm EPS Trittschalldämmplatte WLG 045;1
200069;Estrichgitter, Drahtstärke: 2.00 mm, 1,00 m x 2,00 m / je Bund 40,00 qm;1
200070;Estrichmeßstellen für Restfeuchtigkeit, VPE 1 Stk.;1
200071;Europalette;1
200072;Extruderschaum GK / 200 kPa WLG 035 - 20 mm, je Paket 15,00 qm;1
200073;Extruderschaum GK / 300 kPa WLG 035 - 30 mm, je Paket 10,50 qm;1
200074;Extruderschaum GK / 300 kPa WLG 035 - 40 mm, je Paket 7,50 qm;1
200075;Extruderschaum GK / 300 kPa WLG 035 - 50 mm, je Paket 6,00 qm;1
200076;Extruderschaum GK / 300 kPa WLG 035 - 60 mm, je Paket 5,25 qm;1
200077;FBH-Verbundplatte DEO 100 / 032 - 20 mm ,EPS Wärmedämmplatte inkl. Rasterfolie - 10,00 qm / Paket;1
200078;FBH-Verbundplatte DEO 100 / 032 - 30 mm EPS Wärmedämmplatte inkl.Rasterfolie - 10,00 qm / Paket;1
200079;FBH-Verbundplatte DEO 100 / 032 - 40 mm EPS Wärmedämmplatte inkl.Rasterfolie - 10,00 qm / Paket;1
200080;FBH-Verbundplatte DEO 100 / 035 - 20 mm EPS Wärmedämmplatte inkl. Rasterfolie - 10,00 qm / Paket;1
200081;FBH-Verbundplatte DEO 100 / 035 - 30 mm EPS Wärmedämmplatte inkl. Rasterfolie - 10,00 qm / Paket;1
200082;FBH-Verbundplatte DEO 100 / 035 - 40 mm EPS Wärmedämmplatte inkl. Rasterfolie - 10,00 qm / Paket;1
200083;FBH-Verbundplatte DEO 100 / 035 - 50 mm EPS Wärmedämmplatte inkl. Rasterfolie - 8,00 qm / Paket;1
200084;FBH-Verbundplatte WLG 035 DESsg 30-2 mm EPS Wärmedämmplatte inkl. Rasterfolie - 10,00 qm / Paket;1
200085;FBH-Verbundplatte WLG 035 DESsg 40-2 mm EPS Wärmedämmplatte inkl. Rasterfolie - 10,00 qm / Paket;1
200086;FBH-Verbundplatte WLG 035 DESsg 50-2 mm EPS Wärmedämmplatte inkl. Rasterfolie - 8,00 qm / Paket;1
200087;FBH-Verbundplatte WLG 040 DESsg 20-2 mm EPS Trittschalldämmplatte inkl.Rasterfolie - 10,00 qm / Paket;1
200088;FBH-Verbundplatte WLG 040 DESsg 30-2 mm EPS Trittschalldämmplatte inkl.Rasterfolie - 10,00 qm / Paket;1
200089;FBH-Verbundplatte WLG 040 DESsg 40-2 mm EPS Trittschalldämmplatte inkl.Rasterfolie - 10,00 qm / Paket;1
200090;FBH-Verbundplatte WLG 040 DESsg 50-2 mm EPS Trittschalldämmplatte inkl.Rasterfolie - 10,00 qm / Paket;1
200091;FBH-Verbundplatte WLG 045 DESsm 20-2 mm EPS Trittschalldämmplatte inkl.Rasterfolie - 10,00 qm / Paket;1
200092;FBH-Verbundplatte WLG 045 DESsm 25-2 mm EPS Trittschalldämmplatte inkl.Rasterfolie - 10,00 qm / Paket;1
200093;FBH-Verbundplatte WLG 045 DESsm 30-3 mm EPS Trittschalldämmplatte inkl.Rasterfolie - 10,00 qm / Paket;1
200094;FBH-Verbundplatte WLG 045 DESsm 35-3 mm EPS Trittschalldämmplatte inkl.Rasterfolie - 10,00 qm / Paket;1
200095;FBH-Verbundplatte WLG 045 DESsm 40-3 mm EPS Trittschalldämmplatte inkl.Rasterfolie - 10,00 qm / Paket;1
200096;FBH-Verbundplatte WLG 045 DESsm 50-3 mm EPS Wärmedämmplatte inkl.Rasterfolie - 8,00 qm / Paket;1
200097;FIBOBAU - Nassestrichschüttung NE  -  50 ltr., Körnung 0 - 2 mm;1
200098;FISCHER cyclepor rapid  -  200 ltr., zur Herstellung von Ausgleichschüttungen, Belegereife 1 Tag;1
200099;Floorock Acoustic CP2, Steinwolle Trittschalldämplatte WLG 035;1
200100;Floorock Acoustic CP3, Steinwolle Trittschalldämmplatte WLG 035;1
200101;Floorock Heat Trittschallplatte CP 3 20-3 / 035, Steinwolle Trittschalldämmplatte mit aufkasch. Rasterfolie;1
200102;Floorock Heat Trittschallplatte CP 3 30-3 / 035, Steinwolle Trittschalldämmplatte mit aufkasch. Rasterfolie;1
200103;Floorock Heat Trittschallplatte CP 3 40-3 / 035, Steinwolle Trittschalldämmplatte mit aufkasch. Rasterfolie;1
200104;Floorock Therm WLG 040 20 mm - 6,25 qm, Steinwolle-Dämmplatte;1
200105;Floorock Therm WLG 040, Steinwolle-Dämmplatte;1
200106;Floorrock Acoustic CP2 12-2 mm - 10,00 qm, Steinwolle Trittschalldämplatte WLG 035;1
200107;Floorrock Acoustic CP2 20-2 mm - 6,25 qm, Steinwolle Trittschalldämplatte WLG 035;1
200108;Floorrock Acoustic CP2 30-2 mm - 3,75 qm, Steinwolle Trittschalldämplatte WLG 035;1
200109;Floorrock Acoustic CP2 40-2 mm - 3,75 qm, Steinwolle Trittschalldämplatte WLG 035;1
200110;Floorrock Acoustic CP3 13-3 mm - 11,25 qm, Steinwolle Trittschalldämmplatte WLG 035;1
200111;Floorrock Acoustic CP3 20-3 mm - 7,50 qm, Steinwolle Trittschalldämmplatte WLG 035;1
200112;Floorrock Acoustic CP3 30-3 mm - 5,00 qm, Steinwolle Trittschalldämmplatte WLG 035;1
200113;Floorrock Acoustic CP3 40-3 mm - 3,75 qm, Steinwolle Trittschalldämmplatte WLG 035;1
200114;Floorrock Acoustic CP5 15-5 mm - 11,25 qm, Steinwolle Trittschalldämmplatte WLG 035;1
200115;Floorrock Acoustic CP5 20-5 mm - 10,00 qm, Steinwolle Trittschalldämmplatte WLG 035qm;1
200116;Floorrock Acoustic CP5 25-5 mm - 7,50 qm, Steinwolle Trittschalldämmplatte WLG 035;1
200117;Floorrock Acoustic CP5 30-5 mm - 6,25 qm, Steinwolle Trittschalldämmplatte WLG 035;1
200118;Floorrock Acoustic CP5 40-5 mm - 5,00 qm, Steinwolle Trittschalldämmplatte WLG 035;1
200119;Floorrock Acoustic CP5, Steinwolle Trittschalldämmplatte WLG 035;1
200120;Floorrock Therm WLG 040 30 mm - 5,00 qm, Steinwolle-Dämmplatte;1
200121;Floorrock Therm WLG 040 40 mm - 3,75 qm, Steinwolle-Dämmplatte;1
200122;Floorrock Therm WLG 040 50 mm - 2,50 qm, Steinwolle-Dämmplatte;1
200123;Floorrock Therm WLG 040 60 mm - 2,50 qm, Steinwolle Dämmplatte;1
200124;Fußbodendämmplatte PUR/PIR FB-AL WLS 022 - 100 mm 3,60 qm / Paket;1
200125;Fußbodendämmplatte PUR/PIR FB-AL WLS 022 - 20 mm 17,28 qm / Paket;1
200126;Fußbodendämmplatte PUR/PIR FB-AL WLS 022 - 30 mm 11,52 qm / Paket;1
200127;Fußbodendämmplatte PUR/PIR FB-AL WLS 022 - 40 mm 8,64 qm / Paket;1
200128;Fußbodendämmplatte PUR/PIR FB-AL WLS 022 - 50 mm 7,20 qm / Paket;1
200129;Fußbodendämmplatte PUR/PIR FB-AL WLS 022 - 60 mm 5,76 qm / Paket;1
200130;Fußbodendämmplatte PUR/PIR FB-AL WLS 022 - 70 mm 5,04 qm / Paket;1
200131;Fußbodendämmplatte PUR/PIR FB-AL WLS 022 - 80 mm 4,32 qm / Paket;1
200132;Fußbodendämmplatte PUR/PIR FB-AL WLS 022 - 90 mm 2,88 qm / Paket;1
200133;Geficell- Estrichrandschalung ES 100 - 1,30 m, Dicke : 6 mm / Höhe : 100 mm, je Paket 10 Stück;1
200134;Geficell- Estrichrandschalung ES 150 - 1,30 m, Dicke : 6 mm / Höhe : 150 mm, je Paket 10 Stüc;1
200135;Geficell TD-Z 6/5 mm - 112,50 qm, zugelassene Trittschalldämmung, 1,50 m x 75,00 m;1
200136;Geficell TD-Z 6/5 mm - 50,00 qm, zugelassene Trittschalldämmung, 1,00 m x 50,00 m;1
200137;Gefinex Randstreifen RDS Steinwolle 100 x 12 x 1000 mm ( Ktn. = 115 lfm. );1
200138;Gefinex Randstreifen RDS Steinwolle 120 x 12 x 1000 mm ( Ktn. = 90 lfm. );1
200139;Gefinex Randstreifen RDS Steinwolle 80 x 12 x 1000 mm ( Ktn. = 155 lfm. );1
200140;Gefitas- Bitumen Dicht- und Klebstoff - 310 ml;1
200141;Gefitas- Dichtband - 15 m, 0,02 m x 15 m je Rolle;1
200142;Gefitas- Feuchtigkeitssperre PE 3/300 - Standard -, 1,25 x 40.00m = 50.00qm;1
200143;Gefitas- Systemanschlußstreifen R 300, 0,2 x 25m je Rolle;1
200144;GLASS - Glascofiber 20 - Polypropylenfaser     1 kg;1
200145;HEROTEC - Klettvlies tempusFLAT KLETT mit Verlegeraster, selbstklebend, Rollenmaß 1,05 m x 20 m x 2 mm  ( VE : 21 qm );1
200146;Herotec Tempus Rock Platte TPT 20-5 1000x1000x20mm;1
200147;Holcim-FERRO 3 - Portlandhüttenzement CEM II/B-S 32,5 R je Sack, 25kg, je Palette 56 Sack je Sack, 25kg, je Palette 56 Sack;1
200148;Holcim-PUR 4 N - Portlandzement CEM I 42,5 N - 25 kg je Sack, 25kg, je Palette 56 Sack je Sack, 25kg, je Palette 56 Sack;1
200149;Holcim-PUR 4 R - Portlandzement CEM I 42,5 R - 25 kg je Sack, 25kg, je Palette 56 Sack je Sack, 25kg, je Palette 56 Sack;1
200150;ISOLA - Vermibit - Trockenausgleichsschüttung  -  100 ltr;1
200150;ISOLA - Vermibit - Trockenausgleichsschüttung  -  100 ltr;1
200151;ISOVER - Akustic EP 3 - 12 mm (9,00 qm / Paket) Estrich - Dämmplatte, 1200 x 625 mm Estrich - Dämmplatte, 1200 x 625 mm;1
200152;KAN-therm Alu-Verbundrohr PE-RT 16 x 2mm - 200m Rolle;1
200153;KAN-therm Alu-Verbundrohr PE-RT 16 x 2mm - 500m Rolle;1
200154;KAN-therm PE-RT Blue Floor Kunststoffrohr 16 x 2mm - 200m Rolle;1
200155;"KNAUF ""Katja Sprint""  Anschlussstreifen  -  200 mm, selbstklebend, Rolle a 0,20 m x 15,00 m";1
200156;"KNAUF ""Katja Sprint""  Polymerbitumen- Sperrbahn, 1,25m x  32m,  Dicke 1mm, Glasvlies und Alu- Verbundträger, Kaltselbstklebenaht, je Rolle 40,00 qm";1
200157;KNAUF Perlite - Bituperl  -  100 ltr., Estrichschüttung aus bitumenummanteltem Perlit;1
200158;KNAUF Perlite - Staubex  -  150 ltr.;1
200159;KNAUF Perlite - Staubex - 100 ltr.;1
200160;KNAUF Perlite - Staubex PLUS  -  150 ltr., Estrichschüttung mit teilweise Ummantelung von Bitumen;1
200161;LDPE-Seitenfaltenmüllsack 1.000 ltr.;1
200162;LOGAFLOOR - MFL Heizrohr PE-RT Alu-Verbundrohr 16 x 2,0 - 200 m Rolle;1
200163;LOGAFLOOR - MFL Heizrohr PE-RT Alu-Verbundrohr 16 x 2,0 - 500 m Rolle;1
200164;MAINCOR - Alu-Verbundrohr PE-RT 16 x 2,0 - 300 m Rolle;1
200165;MAINCOR - Heizrohr PE-RT 16 x 2,0 mm - 300 m;1
200166;MAINCOR - Heizrohr PE-RT 17 x 2,0 mm - 300 m;1
200167;MAINCOR - Heizrohr PE-Xa 20 x 2,0 mm - 300 m;1
200168;MAINCOR - Klemmschiene 14 - 17 mm Rohr ( 45 x 1000 mm ) selbstklebend ( 100 m / Karton );1
200169;"MAINCOR - MFL Klemmverschraubung 17 x 2,0 - 3/4""";1
200170;"MAINCOR - MFL Klemmverschraubung 20 x 2,0 - 3/4""";1
200171;MAINCOR - MFL Noppenplatte Premium 11 mm / 035 - 75 kPa, Rohrdurchmesser 14 - 17 mm, VPE 14,56 qm (13 Platten);1
200172;MAINCOR - MFL Noppenplatte Premium 30 - 2 mm / 040, Rohrdurchmesser 14-17 mm, VPE 6,72 qm (6 Platten);1
200173;MAINCOR - MFL Noppenplatte Premium ohne Dämmung, Rohrdurchmesser 14 - 17 mm, VPE : 13,44 qm (12 Platten);1
200174;MAINCOR - MFL Stellantrieb 4.0 230V;1
200175;"MAINCOR - MPR/MFL Klemmverschaubung 16 x 2,0 - 3/4""";1
200176;MAINCOR - Rohrführungsbogen 20 mm;1
200177;Mineralwolle Randstreifen 13/150/1200 mm, je Sack 50 Stk. a 1,20 m;1
200178;Misselfix Garant G 702 - Wickelstreifen 70mm - 3,6m;1
200179;NORIT - TE- Klebstoff - 1 kg;1
200180;NORIT - Gebundene Schüttung - 33 ltr. Zementgebunden mit Leichtzuschlägen;1
200181;NORIT - Grundierung - 5 ltr.;1
200182;NORIT - Heizrohr PE-RT 12 x 1,3 mm - 240 lfm.;1
200183;NORIT - Heizrohr PE-RT 12 x 1,3 mm - 650 lfm.;1
200184;NORIT - Holzfaserplatte, lose - 10 mm, 1200 x 600 mm;1
200185;NORIT - Klemm-Kupplungsadapter 12 mm;1
200186;NORIT - Presskupplung 12 mm;1
200187;NORIT - Randdämmstreifen 10/80 mm - 25 lfm., PE Schaum m. Klebestreifen + Schleppfolie.;1
200188;NORIT - TE 20 Therm GF-E ( Ergänzungs-Element ), Trockenestrich aus Gipsfaser N/F, einfache Fräsung 12 cm Raster, Abmessung: 1200 x 600 mm (Deckmaß), Pal. a 43,2 qm. ( = 60 Stk. );1
200189;NORIT - TE 20 Therm GF-U ( Universal-Element ), Trockenestrich aus Gipsfaser N/F, mit innovativem Fräslayout 12 cm Raster, Abmessung : 600 x 600 mm ( Deckmaß ), Pal. a 21,6 qm ( = 60 Stk. );1
200190;NORIT - TE 30 Therm GF-E ( Ergänzungs-Element ), Trockenestrich aus Gipsfaser N/F, einfache Fräsung 12 cm Raster, Abmessung: 1200 x 600 mm (Deckmaß), Pal. a 28,8 qm ( = 40 Stk. );1
200191;NORIT - TE 30 Therm GF-U ( Universal-Element ), Trockenestrich aus Gipsfaser N/F, mit innovativem Fräslayout 12 cm Raster, Abmessung : 1200 x 600 mm(Deckmaß), Pal. a 28,8 qm ( = 40 Stk. );1
200192;NORIT - Trockenestrich TE-20, Gipsfaserplatte mit Klicksystem, 1200 x 600 x 20 mm, Pal. a 43,2 qm ( = 60 Stk. );1
200193;NORIT - Trockenestrich TE-25, Gipsfaserplatte mit Klicksystem, 1200 x 600 x 25 mm, Pal. a 36,0 qm ( = 50 Stk. );1
200194;NORIT - Trockenschüttung 50 ltr aus natürlichem, geblähtem Ton;1
200195;NORIT - Vergussmasse 25 kg, Zementgebunden, hoch fließfähig, Pal. a 42 Sack;1
200196;NORIT - Vergussmasse CA 25 kg, Calciumsulfatgebunden, hoch fließfähig, Pal. a 42 Sack;1
200197;NORIT - Vergussmasse Universal 25 kg, calciumsulfatgebunden, Pal. a 42 Sack;1
200198;PE-Folie Typ 200 - opak  (4 x 25 m);1
200199;Portlandkalksteinzement CEM II/A-LL 32,5 R - 25 kg je Sack, 25kg, je Palette 56 Sack je Sack, 25kg, je Palette 56 Sack;1
200200;PP-Klebeband, grau  -  66 lfm.;1
200200;PP-Klebeband, grau  -  66 lfm.;1
200201;PP-Klebeband, transparent -  66 lfm.;1
200202;protec-Heizrohr PE-RT 16x2 - 600 m;1
200203;protec-Heizrohr PE-Xc 17 x 2 mm - 600 m;1
200204;Qualimeter   -   20 ltr., Verarbeitungshilfe für höhere Verlegeleistung;1
200205;Quarzsand 25kg;1
200206;Rasterfolie mit Gewebebändchen (Rl.= 103 m2);1
200207;Retanol EKA blau PRO 1   -   20 ltr., garantierte, taggenaue Belegreife ab 3 Tagen, lange Verarbeitungszeit trotz kurzer Aushärtezeit;1
200208;Retanol XTHINN   -   20 ltr., für hochfeste Dünnschichtestriche;1
200209;Retanol Xtreme PRO 1   -   20 ltr., für extrem hohe Früh- und Endfestigkeiten, Belegereife : Fliesen = 2 Tage , alle anderen Beläge = 3 Tage;1
200210;RETOPOX Gießharz   -   1 kg, Schnellhärtendes 2-K-Epoxidharz;1
200211;ROCKWOOL-Randstreifen RST 12/120/1000 mm, je Paket 66 Stk. a 1,00 m;1
200212;Rohr Copex PE-Xc, Ringbundlänge 240 m, 16 x 2 mm;1
200213;ROTH - FBH System-Verbundrolle DES sm / WLG 040 - 30-2;1
200214;ROTH - FBH Verbundfaltplatte DES sg / WLG 040 - 20-2;1
200215;ROTH - Flipfix Tacker Systemplatte;1
200216;ROTH - Klebeband (schwarz);1
200217;ROTH - PE-RT Systemheizrohr X-PERT S5+ 14mm - VPE 600lfm.;1
200218;ROTH - Randstreifen 10/160 grau - 25 lfm. je Rolle;1
200219;ROTH - Rohrführungsbogen 14-17mm;1
200220;ROTH - Rohrmanschette ¢15-30mm;1
200221;ROTH - RW Systempaket Floorfix 30-3 / 045 (VE: 6,00qm) VPE: 6,00qm je Paket, WLG 045;1
200222;ROTH - Schutzrohr PE - 19/25mm;1
200223;ROTH - Systemheizrohr X-PERT S5+ 17mm VPE 600 Meter;1
200224;Roth Dehnungsfugenprofil ( Länge : 1800 mm );1
200225;Roth Klebeband für FlipFix;1
200226;Roth Klemmverschraubung 14mm Ve: 10 Stck. je Beutel;1
200227;Roth Klemmverschraubung 17mm Ve: 10 Stck. je Beutel;1
200228;Roth Klemmverschraubung Universal 16 mm;1
200229;Roth Kupplung PressCheck 14 mm;1
200230;Roth Kupplung PressCheck 16 mm;1
200231;Roth Kupplung PressCheck 17 mm;1
200232;Roth Messstellenset;1
200233;Roth Noppenfolie 14-17 mm (auf bauseitiger Dämmung ) 1,26 qm / Platte 1,26 qm / Platte;1
200234;Roth Noppenplatte 14-17 mm / EPS DEO 10 mm WLG 035 1,26 qm / Platte 1,26 qm / Platte;1
200235;Roth Noppenplatte 14-17 mm / EPS DESsg 30-2 mm WLG 040 1,26 qm / Platte 1,26 qm / Platte;1
200236;Roth Original Tacker-Klips 14 mm ( 1000 Stk./Kt. );1
200237;Roth Original Tacker-Klips SPS 17 mm ( 1000 Stk./Kt. );1
200238;Roth PE-Abdeckfolie ( 50 x 1,5 m );1
200239;Roth PE-Schutzrohr 19/25 ( für Rohr 14-17 mm );1
200240;Roth Randdämmstreifen 8x150 mm Euroline ( Rolle a 25 lfm. ) ohne Folienlasche ohne Folienlasche;1
200241;Roth Randdämmstreifen 8x160 mm ( Rolle a 25 lfm. ) mit Folienlasche mit Folienlasche;1
200242;Roth Rohrführungsbogen 14/16/17 mm;1
200243;Roth Systempaket Floorfix 30-2 mm WLG 032 (6 qm / Paket);1
200244;Roth Systempaket Floorfix 30-2 mm WLG 040 (6 qm / Paket);1
200245;Roth Systempaket Floorfix 35-3 mm WLG 045 (6 qm / Paket);1
200246;Roth Systemrohr Alu-Laserflex 14 mm ( 240 m / Rolle );1
200247;Roth Systemrohr Alu-Laserflex 14 mm ( 600 m / Rolle );1
200248;Roth Systemrohr Alu-Laserflex 16 mm ( 200 m / Rolle );1
200249;Roth Systemrohr Alu-Laserflex 16 mm ( 600 m / Rolle );1
200250;Roth Systemrohr ClimaComfort S5 11 x 1,3 mm (120 m / Rolle);1
200251;Roth Systemrohr ClimaComfort S5 11 x 1,3 mm (240 m / Rolle);1
200252;Roth Systemrohr DUOPEX S5 17 mm ( 200 m / Rolle );1
200253;Roth Systemrohr DUOPEX S5 17 mm ( 600 m / Rolle );1
200254;Roth Systemrohr PERTEX S5 ( 200 m / Rolle );1
200255;Roth Systemrohr PERTEX S5 ( 600 m / Rolle );1
200256;Roth Systemrohr X-PERT S5+ 17 mm (200 m / Rolle );1
200257;Roth System-Verbundplatte 20-2 mm WLG 035;1
200258;Roth System-Verbundplatte 25-2 mm WLG 032;1
200259;Roth System-Verbundplatte 25-2 mm WLG 045;1
200260;Roth System-Verbundplatte 30-2 mm WLG 040;1
200261;Roth System-Verbundplatte 30-3 mm WLG 045;1
200262;Roth Sytemrohr X-PERT S5+ 14 mm ( 240 m / Rolle );1
200263;ROTH- Tacker Ex-Klips 14-20mm;1
200264;Roth Trockenausgleichsschüttung 100 ltr.;1
200265;Roth Verbundrolle EPS DESsg 20-2 mm WLG 040;1
200266;Roth Verbundrolle EPS DESsg 30-2 mm WLG 032;1
200267;Roth Verbundrolle EPS DESsm 25-2 mm WLG 045;1
200268;Roth Verbundrolle EPS DESsm 30-3 mm WLG 045;1
200269;Roth Verbundrolle EPS DESsm 35-3 mm WLG 045;1
200270;Roth Zementestrichzusatzmittel;1
200271;Schaum- Randstreifen FSR 10/150 - Comfort - 50 m, selbstklebend mit Folienlasche;1
200272;Schaum- Randstreifen FSR 8/120 - 50 m, mit Folienlasche;1
200273;Schaum- Randstreifen FSR 8/150 - 50 m, mit Folienlasche;1
200274;Schaum- Randstreifen Standard 5/120 - 50 m;1
200275;Schaum- Randstreifen Standard 5/150 - 50 m;1
200276;Schaum- Randstreifen Standard 8/120 - 50 m;1
200277;Schaum- Randstreifen Standard 8/150 - 50 m;1
200278;SCHLUETER - DITRA 25 Entkopplungsmatte - je Rolle 30m²;1
200279;SCHLUETER - Noppenplatte Bekotec EN 23 F, Noppe ca. 20 mm für 14 er Heizrohre, VPE : 10,80 qm (10 Stk.);1
200280;SCHLÜTER - BEKOTEC THERM-KV Klemmverschraubung 14mm;1
200281;Schlüter-BEKOTEC-THERM-HR PE-RT 14 x 2,0 mm, je Rolle 200 m;1
200282;Solarfloor - Adapter Klemmverbindung 3/4 - 25 x 2,3 mm;1
200283;Solarfloor - Heizrohr duo-flex PE-Xa 20 x 2,0 mm 600 lfm.;1
200284;Solarfloor - Heizrohr KLETT PE-Xa 16 x 2,0 mm   600lfm,      5-Schicht Kunststoffsicherheitsrohr;1
200284;Solarfloor - Heizrohr KLETT PE-Xa 16 x 2,0 mm   600lfm,      5-Schicht Kunststoffsicherheitsrohr;1
200285;Solarfloor - Heizrohr PE-Xa 16 x 2,0 mm   600lfm, 5-Schicht Kunsstoffsicherheitsrohr;1
200286;Solarfloor - Heizrohr PE-Xa 17 x 2,0 mm   400lfm, 5-Schicht Kunsstoffsicherheitsrohr;1
200287;Solarfloor - Heizrohr PE-Xa 20 x 2,0 mm   400lfm, 5 Schicht Kunststoffsicherheitsrohr;1
200288;Solarfloor - Heizrohr PE-Xa 25 x 2,3 mm   300lfm, 5 Schicht Kunststoffsicherheitsrohr;1
200289;Solarfloor - Heizrohr trio-flex Alu-/Metallverbundrohr 14 x 2,0 mm 200 lfm.;1
200290;Solarfloor - Heizrohrführungsbogen 90°  -  25 mm;1
200291;"Solarfloor - Klemmverschraubung 14 x 2,0 - 3/4""";1
200292;"Solarfloor - Klemmverschraubung 17 x 2,0 - 3/4""";1
200293;"Solarfloor - Klemmverschraubung 20 x 2,0 - 3/4""";1
200294;Solarfloor - Presskupplung 14 x 2,0;1
200295;Solarfloor - Presskupplung 17 x 2,0;1
200296;Solarfloor - Presskupplung 20 x 2,0;1
200297;Solarfloor - Trockenplatte Typ 25 (DEO) - WLG 035, VPE : 7,92 qm;1
200298;Solarfloor - Trockenplatte Typ 30 (DEO) - WLG 035, VPE : 6,60 qm;1
200299;Solarfloor - Wärmeleitmodule mit Sollbruchstelle für Schütz Trockenplatte WML 805, je Karton 30 Stk.;1
200300;Solarfloor Adapter, vernickelt 3/4 - 14 x 2 mm;1
200301;Solarfloor Metallverbund-Heizrohr MVR 14x2 mm - 500 m;1
200302;Solarfloor Trockenbauplatte EPS035 DEO - 25 mm, VPE : 7,92 qm;1
200303;Solarfloor Wärmeleitmodul für Trockenbauplatte 805 mm, Karton a 30 Stk.;1
200304;SUPERGLASS Trittschalldämmplatte TS 032 - 15 mm, Glaswolle zum Wärme- und Schallschutz, 600 x 1250 mm, je Paket 19,50 qm;1
200305;SUPERGLASS Trittschalldämmplatte TS 032 - 20 mm, Glaswolle zum Wärme- und Schallschutz, 600 x 1250 mm, je Paket 15,00 qm;1
200306;SUPERGLASS Trittschalldämmplatte TS 032 - 25 mm, Glaswolle zum Wärme- und Schallschutz, 600 x 1250 mm, je Paket 12,00 qm;1
200307;SUPERGLASS Trittschalldämmplatte TS 032 - 30 mm, Glaswolle zum Wärme- und Schallschutz, 600 x 1250 mm, je Paket 9,75 qm;1
200308;SUPERGLASS Trittschalldämmplatte TS 032 - 35 mm, Glaswolle zum Wärme- und Schallschutz, 600 x 1250 mm, je Paket 8,25 qm;1
200309;SUPERGLASS Trittschalldämmplatte TS 032 - 40 mm, Glaswolle zum Wärme- und Schallschutz, 600 x 1250 mm, je Paket 7,50 qm;1
200310;SUPERGLASS Trittschalldämmplatte TS 032, Glaswolle zum Wärme- und Schallschutz, 600 x 1250 mm;1
200311;Tackernadeln,  verschweißt, 1000 Stk./ Karton;1
200312;Therma Vlies Schutzschlauch 18/4mm  -  10 m;1
200313;Thermodämm - protec Dehnfugenprofil SK 10 / 100 mm - 1200 mm 30 Stk. / Karton = 36 lfm.;1
200314;"THERMODÄMM - protec Klemmverschraubung 17 x 2,0 - 3/4""";1
200315;THERMODÄMM - protec KLETT- Panel 3 mm mit Klettfolie ( Velours );1
200316;THERMODÄMM - protec-Faltplatte KLETT 20-2 EPS 040 DES sg mit Klettfolie ( Velour ), je Paket 10qm;1
200317;THERMODÄMM - protec-Faltplatte KLETT 30-2 EPS 040 DES sg mit Klettfolie ( Velour ), je Paket 10,00qm;1
200318;THERMODÄMM - protec-Faltplatte KLETT DEO 035 10 mm mit Klettfolie ( Velours ), je Paket 10,00qm;1
200319;ThermoWhite Fertigware BEPS- WD 130 R  Speed - 100 ltr.;1
200320;ThermoWhite Fertigware BEPS- WD 70 R  - 200 ltr.;1
200321;UPONOR - Comfort Pipe PE-Xa Rohr 16 x 1,8mm  240 lfm.;1
200322;UPONOR - Heizrohr Comfort Pipe 16 x 1,8 mm, 640 lfm.;1
200323;"UPONOR - Klemmringverschraubung Vario 16 x 1,8/2,0 - 3/4""";1
200324;UPONOR - Kupplung Rapex Press 17-17;1
200325;UPONOR - Kupplung S-Press PLUS 14-14;1
200326;UPONOR - Kupplung S-Press PLUS 16-16;1
200327;UPONOR - Kupplung S-Press PLUS 20-20;1
200328;UPONOR - Kupplung S-Press PLUS 25-25;1
200329;Uponor BASE Flexiboard X-24 6x 230 V;1
200330;Uponor BASE Flexiboard X-26 8x 230 V;1
200331;Uponor BASE Regler Heizen / Kühlen X-80 10x 230 V;1
200332;Uponor BASE Regler Heizen X-60 6x 230 V;1
200333;Uponor CLASSIC Stahlmatte, beschichtet 100 mm 2100 x 1200 x 3 mm 2100 x 1200 x 3 mm;1
200334;Uponor CLASSIC Stahlmatte, beschichtet 150 mm 2100 x 1200 x 3 mm 2100 x 1200 x 3 mm;1
200335;Uponor CLASSIC Stahlmatte, beschichtet 50 mm 2150 x 750 x 3 mm 2150 x 750 x 3 mm;1
200336;UPONOR Heizrohr Comfort Pipe Plus 14 x 2,0 mm, 240 lfm.;1
200337;UPONOR Heizrohr Comfort Pipe Plus 14 x 2,0 mm, 960 lfm.;1
200338;UPONOR Heizrohr Comfort Pipe Plus 17 x 2,0 mm, 240 lfm.;1
200339;UPONOR Heizrohr Comfort Pipe Plus 17 x 2,0 mm, 480 lfm.;1
200340;UPONOR Heizrohr Comfort Pipe Plus 17 x 2,0 mm, 640 lfm.;1
200341;UPONOR Heizrohr Magna Pipe Plus 20 x 2,0 mm, 240 lfm.;1
200342;UPONOR Heizrohr Magna Pipe Plus 20 x 2,0 mm, 480 lfm.;1
200343;UPONOR Heizrohr Magna Pipe Plus 25 x 2,3 mm, 640 lfm.;1
200344;Uponor Klett Rohr Comfort Pipe PLUS 16 x 2,0 mm, 240 m;1
200345;Uponor Klett Rohr Comfort Pipe PLUS 16 x 2,0 mm, 640 m;1
200346;Uponor Klett Rohr MLCP RED 16 x 2,0 mm, 480 m;1
200347;Uponor Klett Rollplatte Extra EPS DES 25 - 2 mm (1 x 10 m );1
200348;Uponor Klett Rollplatte Extra EPS DES 30 - 2 mm (1 x 10 m );1
200349;Uponor Klett Rollplatte Extra EPS DES 30 - 3 mm (1 x 10 m );1
200350;Uponor Klett Rollplatte Extra EPS DES 35 - 3 mm (1 x 10 m );1
200351;Uponor Klett Twinboard 3 mm 1400 x 1000 mm 1400 x 1000 mm;1
200352;UPONOR Minitec Heizrohr Comfort Pipe 9,9 x 1,1 mm - 120 lfm.;1
200353;UPONOR Minitec Klemmverschraubung 9,9 x 1,1 mm mit G 3/4 Eurokonus mit G 3/4 Eurokonus;1
200354;UPONOR MLCP RED Rohr 14 x 1,6 mm, 240 lfm.;1
200355;UPONOR MLCP RED Rohr 14 x 1,6 mm, 480 lfm.;1
200356;UPONOR MLCP RED Rohr 16 x 2,0 mm, 240 lfm.;1
200357;UPONOR MLCP RED Rohr 16 x 2,0 mm, 480 lfm.;1
200357;UPONOR MLCP RED Rohr 16 x 2,0 mm, 480 lfm.;1
200358;Uponor Multi Gebundene Schüttung 100 Liter;1
200359;Uponor NUBOS Noppenfolie ( 14-16 mm ) | 10m² pro Paket;1
200360;Uponor NUBOS Noppenplatte 11 mm ( 14-16 mm ) 1447 x 900 x 29 mm 1447 x 900 x 29 mm;1
200361;Uponor NUBOS Noppenplatte 30-2 mm ( 14-16 mm ) 1447 x 900 x 48 mm 1447 x 900 x 48 mm;1
200362;Uponor NUBOS Noppen-Verteiler-/Tür Set EPS 11 mm 1447 x 900 x 29 mm 1447 x 900 x 29 mm;1
200363;Uponor NUBOS Noppen-Verteiler-/Tür Set EPS 30-2 mm 1447 x 900 x 48 mm 1447 x 900 x 48 mm;1
200364;UPONOR Siccus 14 Verlegeplatte EPS 150 kPa 14 mm ( 25 mm ) 1197 x 1050 x 25 mm 1197 x 1050 x 25 mm;1
200365;UPONOR Siccus 14 Wärmeleitlamelle 14 mm ( 48 Stk./Kt. ) 1180 x 120 x 0,45 mm 1180 x 120 x 0,45 mm;1
200366;UPONOR Siccus Mini Panel 15 mm 1200 x 600 x 15 mm;1
200367;Uponor Tacker Nadel-Set 1000 Stk.;1
200368;Uponor Tacker Rolle EPS DES 20-2 mm ( 1 x 10 m );1
200369;Uponor Tacker Rolle EPS DES 30-2 mm ( 1 x 10 m );1
200370;Uponor Tacker Rolle EPS DES 30-3 mm ( 1 x 10 m );1
200371;Uponor Tacker Rolle EPS DES 35-3 mm ( 1 x 10 m );1
200372;"UPONOR Vario Klemmringverschraubung PEX 20x1,9/2,0-G 3/4"" IG Eurokonus IG Eurokonus";1
200373;Uponor VARIO Rohrführungsplatte 27 mm;1
200374;Uponor VARIO Rohrführungsplatte mit Trittschall 32 mm;1
200375;Uponor VARIO Stellantrieb NC FT 230 V 1W IP54;1
200376;Uponor VARIO Stellantrieb NC FT 24 V 1W IP54;1
200377;"UPONOR VARIO Verschraubung MLCP RED 14 x 1,6 - 3/4"" EURO";1
200378;Uponor VARIO Verteilerplatte 27 mm;1
200379;Uponor VARIO Verteilerplatte mit Trittschall 32 mm;1
200380;WD> 100 kPa EPS 032 DEO 10 mm - 24,00 qm EPS Wärmedämmplatte WLG 032;1
200381;WD> 100 kPa EPS 032 DEO 100 mm - 2,00 qm EPS Wärmedämmplatte WLG 032;1
200382;WD> 100 kPa EPS 032 DEO 20 mm - 12,00 qm EPS Wärmedämmplatte WLG 032;1
200382;WD> 100 kPa EPS 032 DEO 20 mm - 12,00 qm EPS Wärmedämmplatte WLG 032;1
200383;WD> 100 kPa EPS 032 DEO 30 mm - 8,00 qm EPS Wärmedämmplatte WLG 032;1
200384;WD> 100 kPa EPS 032 DEO 40 mm - 6,00 qm EPS Wärmedämmplatte WLG 032;1
200385;WD> 100 kPa EPS 032 DEO 50 mm - 4,50 qm EPS Wärmedämmplatte WLG 032;1
200386;WD> 100 kPa EPS 032 DEO 60 mm - 4,00 qm EPS Wärmedämmplatte WLG 032;1
200387;WD> 100 kPa EPS 032 DEO 70 mm - 3,00 qm EPS Wärmedämmplatte WLG 032;1
200388;WD> 100 kPa EPS 032 DEO 80 mm - 3,00 qm EPS Wärmedämmplatte WLG 032;1
200389;WD> 100 kPa EPS 032 DEO 90 mm - 24,00 qm EPS Wärmedämmplatte WLG 032;1
200390;WD> 100 kPa EPS 032 DEO EPS Wärmedämmplatte WLG 032;1
200391;WD> 100 kPa EPS 035 DEO 10 mm - 24,00 qm EPS Wärmedämmplatte WLG 035;1
200392;WD> 100 kPa EPS 035 DEO 100 mm-2,00 qm EPS Wärmedämmplatte WLG 035;1
200393;WD> 100 kPa EPS 035 DEO 15 mm - 16,00 qm EPS Wärmedämmplatte WLG 035;1
200394;WD> 100 kPa EPS 035 DEO 20 mm - 12,00 qm EPS Wärmedämmplatte WLG 035;1
200395;WD> 100 kPa EPS 035 DEO 25 mm - 9,52 qm EPS Wärmedämmplatte WLG 035;1
200396;WD> 100 kPa EPS 035 DEO 30 mm - 8,00 qm EPS Wärmedämmplatte WLG 035;1
200397;WD> 100 kPa EPS 035 DEO 35 mm - 6,50 qm EPS Wärmedämmplatte WLG 035;1
200398;WD> 100 kPa EPS 035 DEO 40 mm - 6,00 qm EPS Wärmedämmplatte WLG 035;1
200398;WD> 100 kPa EPS 035 DEO 40 mm - 6,00 qm EPS Wärmedämmplatte WLG 035;1
200399;WD> 100 kPa EPS 035 DEO 45 mm - 5,00 qm EPS Wärmedämmplatte WLG 035;1
200400;WD> 100 kPa EPS 035 DEO 50 mm - 4,50 qm EPS Wärmedämmplatte WLG 035;1
200401;WD> 100 kPa EPS 035 DEO 55 mm - 4,00 qm EPS Wärmedämmplatte WLG 035;1
200402;WD> 100 kPa EPS 035 DEO 60 mm - 4,00 qm EPS Wärmedämmplatte WLG 035;1
200402;WD> 100 kPa EPS 035 DEO 60 mm - 4,00 qm EPS Wärmedämmplatte WLG 035;1
200403;WD> 100 kPa EPS 035 DEO 65 mm - 3,50 qm EPS Wärmedämmplatte WLG 035;1
200404;WD> 100 kPa EPS 035 DEO 70 mm - 3,00 qm EPS Wärmedämmplatte WLG 035;1
200405;WD> 100 kPa EPS 035 DEO 75 mm - 3,00 qm EPS Wärmedämmplatte WLG 035;1
200406;WD> 100 kPa EPS 035 DEO 80 mm - 3,00 qm EPS Wärmedämmplatte WLG 035;1
200407;WD> 100 kPa EPS 035 DEO 90 mm - 2,50 qm EPS Wärmedämmplatte WLG 035;1
200408;WD> 100 kPa EPS 035 DEO EPS Wärmedämmplatte WLG 035;1
200409;WD> 150 kPa EPS 035 DEO EPS Wärmedämmplatte WLG 035;1
200410;WD> 150 kPa EPS 035 DEO 10 mm - 24,00 qm EPS Wärmedämmplatte WLG 035;1
200411;WD> 150 kPa EPS 035 DEO 100 mm - 2,00 qm EPS Wärmedämmplatte WLG 035;1
200412;WD> 150 kPa EPS 035 DEO 20 mm - 12,00 qm EPS Wärmedämmplatte WLG 035;1
200413;WD> 150 kPa EPS 035 DEO 30 mm - 8,00 qm EPS Wärmedämmplatte WLG 035;1
200414;WD> 150 kPa EPS 035 DEO 40 mm - 6,00 qm EPS Wärmedämmplatte WLG 035;1
200415;WD> 150 kPa EPS 035 DEO 50 mm - 4,50 qm EPS Wärmedämmplatte WLG 035;1
200416;WD> 150 kPa EPS 035 DEO 60 mm - 4,00 qm EPS Wärmedämmplatte WLG 035;1
200417;WD> 150 kPa EPS 035 DEO 70 mm - 3,00 qm EPS Wärmedämmplatte WLG 035;1
200418;WD> 150 kPa EPS 035 DEO 80 mm - 3,00 qm EPS Wärmedämmplatte WLG 035;1
200419;WD> 150 kPa EPS 035 DEO 90 mm - 2,50 qm EPS Wärmedämmplatte WLG 035;1
200420;WD> 200 kPa EPS 035 DEO EPS Wärmedämmplatte WLG 035;1
200421;WD> 200 kPa EPS 035 DEO 10 mm - 24,00 qm EPS Wärmedämmplatte WLG 035;1
200422;WD> 200 kPa EPS 035 DEO 100 mm 2,00 qm EPS Wärmedämmplatte WLG 035;1
200423;WD> 200 kPa EPS 035 DEO 20 mm - 12,00 qm EPS Wärmedämmplatte WLG 035;1
200424;WD> 200 kPa EPS 035 DEO 30 mm - 8,00 qm EPS Wärmedämmplatte WLG 035;1
200425;WD> 200 kPa EPS 035 DEO 40 mm - 6,00 qm EPS Wärmedämmplatte WLG 035;1
200426;WD> 200 kPa EPS 035 DEO 50 mm - 4,50 qm EPS Wärmedämmplatte WLG 035;1
200427;WD> 200 kPa EPS 035 DEO 60 mm - 4,00 qm EPS Wärmedämmplatte WLG 035;1
200428;WD> 200 kPa EPS 035 DEO 70 mm - 3,00 qm EPS Wärmedämmplatte WLG 035;1
200429;WD> 200 kPa EPS 035 DEO 80 mm - 3,00 qm EPS Wärmedämmplatte WLG 035;1
200430;WD> 200 kPa EPS 035 DEO 90 mm - 2,50 qm;1
200431;Winkelspange 14 -18 mm, Offene Ausführung zum Umlenken der Heizungsrohre, für Rohre 14-18 mm;1
200432;Zewo Systemverteiler HKV-D10 Edelstahl Rundrohr;1
200433;Zewo Systemverteiler HKV-D11 Edelstahl Rundrohr;1
200434;Zewo Systemverteiler HKV-D12 Edelstahl Rundrohr;1
200435;Zewo Systemverteiler HKV-D2 Edelstahl Rundrohr;1
200436;Zewo Systemverteiler HKV-D3 Edelstahl Rundrohr;1
200437;Zewo Systemverteiler HKV-D4 Edelstahl Rundrohr;1
200438;Zewo Systemverteiler HKV-D5 Edelstahl Rundrohr;1
200439;Zewo Systemverteiler HKV-D6 Edelstahl Rundrohr;1
200440;Zewo Systemverteiler HKV-D7 Edelstahl Rundrohr;1
200441;Zewo Systemverteiler HKV-D8 Edelstahl Rundrohr;1
200442;Zewo Systemverteiler HKV-D9 Edelstahl Rundrohr;1
200443;ZEWOTHERM - Gabel-Anschluss-Stück (Y-Stück);1
200444;ZEWOTHERM - Heizkreiserweiterungsset;1
200445;ZEWOTHERM - Kupplung 16 x 2 mm PressFitting;1
200446;ZEWOTHERM - Kupplung 17mm Fitting;1
200447;ZEWOTHERM - Kupplung 20 x 2 mm PressFitting;1
200448;ZEWOTHERM - Stellantrieb PREMIUM 230 V;1
200449;ZEWOTHERM - Verteiler Anschluss-Set;1
200450;Zewotherm - Verteilerschrank AP 12-15 HK;1
200451;Zewotherm - Verteilerschrank AP 2-3 HK;1
200452;Zewotherm - Verteilerschrank AP 4-5 HK;1
200453;Zewotherm - Verteilerschrank AP 6-8 HK;1
200454;Zewotherm - Verteilerschrank AP 9-11 HK;1
200455;Zewotherm - Verteilerschrank UP 12 HK;1
200456;Zewotherm  Verteilerschrank UP 2-3 HK;1
200457;Zewotherm - Verteilerschrank UP 4-5 HK;1
200458;Zewotherm - Verteilerschrank UP 6-8 HK;1
200459;Zewotherm - Verteilerschrank UP 9-11 HK;1
200460;ZEWOTHERM - Wärmemengenzähler-Einbauset horizontal;1
200461;ZEWOTHERM - Wärmemengenzähler-Einbauset vertikal;1
200462;ZEWOTHERM - Winkel-Set;1
200463;StoPrefa Coll SB 100;1
200464;Bostik Ardalan Xsand  01-3,2mm  a. 25 kg;1
200465;EPS-Granulat neugeschäumt (White Perl) 4/8mm lose;1
200466;EPS-Granulat NEOPOR 4/8mm lose;1
200467;EPS-Granulat recycelt 0/8mm lose;1
200468;ThermoWhite Compound 29kg Säcke;1
200469;Estrich Profil Alu 3 mm 2,7 Mtr.;1
200470;Estrich Profil Alu 4,5 mm 2,7 Mtr.;1
200471;Estrich Profil Alu 11 mm 2,7 Mtr.;1
200472;Estrich Profil Alu 12,5 mm 2,7 Mtr.;1
200473;Estrich Profil Alu 15 mm 2,7 Mtr.;1
200474;Basisprofil 7mm Alu Natur  2,7 Mtr.;1
200475;Deckel Übergangprofil Silber Matt  2,70 Mtr.;1
200476;Winkelprofil 20x24,5mm SK Silber  2,7 Mtr.;1
200477;DPS Übergang+Basis 7mm Silber Matt  2,7 Mtr.;1
200478;PS Abschluss+Basis 7mm Silber Matt  2,7 Mtr.;1
200479;PS Ausgleich+Basis  7mm Silber Matt  2,7 Mtr.;1
200480;Hamburger Leisten 96*19   Länge 2,4 Mtr.;1
200481;Berliner 78*19 Ralton 9010  Länge 2,4 Mtr.;1
200482;Scheuerleisten Weiß  3,5 x 19mm Länge 2,4 Mtr;1
200483;Scheuerleisten Eiche 3,5 x 19mm  Länge 2,4 Mtr.;1
200484;Cube Leisten 40/16   Länge 2,4 Mtr.Natura 9010;1
200485;Korkstreifen Natur 10 x 8 mm   a. 90 cm;1
200486;Korkstreifen Natur 10 x 15 mm   a. 90 cm;1
200487;Entkopplungsvlies Prinz 50 lfm/Rolle;1
200488;(Container 2 Surulo) LHD EF 15x240x2200mm geölt, geb. Superrustic gefast;1
200489;Max Bindedraht TW898 blank für RG2--,3-- und 5-- Serie Paket =50 Rollen;1
200490;Diamantschleifscheibe ECO pink 22,23 Bohrung, Maschinentyp: Janser BS 330;1
200491;PKD-Schleiftopf Piranha pink LW Maschinentyp: Colibri;1
200492;Universalschleiftopf grün LW Maschinentyp: Colibri;1
200493;PKD-Schleiftopf Baracuda silber pink LW Maschinentyp: Colibri;1
200494;Quick-Change PKD Segment Duo silber Maschinentyp: Janser BS 330;1
200495;Knieschützer FENTO ORIGINAL Paar;1
200496;Rohrsaugdüse 450mm mit Gummilippen;1
200497;Saugrohr kompl. 38 mm 1x80.52.2150/2x80.52.3651;1
200498;Sternfilter M für Sauger HE3450 antistatisch;1
200499;Longopac 10570 Mini Super-Strong 4x23m 1 Paket = 4 Stück;1
200500;Optibelt Omega HP Neopren Zahnriemen 15mm 800/5MHP/15MM;1
200501;Diamant Frässcheibe HE 120 120x16mm für harte Böden;1
200502;Diamant Frässcheibe HE 120 Super Premium 125x16mm;1
200503;Saugadapter 36/50;1
200504;Diamant Frässcheibe HE 120 125x17mm für harte Böden;1
200505;Optibelt Omega HP Neopren Zahnriemen 15mm 775/5MHP/15MM;1
200506;Saugschlauch-HEM PUR L DN50 1m;1
200507;Schraubmuffe DN50 für PUR Schlauch;1
200508;Absaughaube HE 120 (RAL 6024) 1836_B010-A;1
200509;Welle komplett für Bodenfräse HE120;1
200510;Doppelrolle LMDA TPA 50G;1
200512;Heralan TPE Stärke: 30-2mm, 1200x625 mm;1
200513;Zewotherm - Feinregulierungsventil M 30 x 1,5 Edelstahl, Rücklauf;1
200514;Wieneberger KoraTech unterspannbahn, Classic 2S, Rolle 75m²;1
200516;Cemwood CW 2000   -   50 ltr. - Ausgleichsschüttung (  10 - 200 mm ) - 36 Sack/Pal./1,8m³ VPE;1
