Bereich;Typ;Artikelnummer;Kurztext;EK
NDF FBH;Artikel;200001;Testartikel 1;1
NDF FBH;Artikel;200002;Testartikel 2;2
NDF FBH;Artikel;200003;Testartikel 3;3
NDF FBH;Artikel;200004;Testartikel 4;4
NDF FBH;Artikel;200005;Testartikel 5;5
NDF FBH;Artikel;200006;Testartikel 6;6
NDF FBH;Artikel;200007;Testartikel 7;7
NDF FBH;Artikel;200008;Testartikel 8;8
NDF FBH;Artikel;200009;Testartikel 9;9
NDF FBH;Artikel;200010;Testartikel 10;10
NDF FBH;Artikel;200011;Testartikel 11;11
NDF FBH;Artikel;200012;Testartikel 12;12
NDF FBH;Artikel;200013;Testartikel 13;13
NDF FBH;Artikel;200014;Testartikel 14;14
NDF FBH;Artikel;200015;Testartikel 15;15
NDF FBH;Artikel;200016;Testartikel 16;16
NDF FBH;Artikel;200017;Testartikel 17;17
NDF FBH;Artikel;200018;Testartikel 18;18
NDF FBH;Artikel;200019;Testartikel 19;19
NDF FBH;Artikel;200020;Testartikel 20;20
NDF FBH;Artikel;200021;Testartikel 21;21
NDF FBH;Artikel;200022;Testartikel 22;22
NDF FBH;Artikel;200023;Testartikel 23;23
NDF FBH;Artikel;200024;Testartikel 24;24
NDF FBH;Artikel;200025;Testartikel 25;25
NDF FBH;Artikel;200026;Testartikel 26;26
NDF FBH;Artikel;200027;Testartikel 27;27
NDF FBH;Artikel;200028;Testartikel 28;28
NDF FBH;Artikel;200029;Testartikel 29;29
NDF FBH;Artikel;200030;Testartikel 30;30
NDF FBH;Artikel;200031;Testartikel 31;31
NDF FBH;Artikel;200032;Testartikel 32;32
NDF FBH;Artikel;200033;Testartikel 33;33
NDF FBH;Artikel;200034;Testartikel 34;34
NDF FBH;Artikel;200035;Testartikel 35;35
NDF FBH;Artikel;200036;Testartikel 36;36
NDF FBH;Artikel;200037;Testartikel 37;37
NDF FBH;Artikel;200038;Testartikel 38;38
NDF FBH;Artikel;200039;Testartikel 39;39
NDF FBH;Artikel;200040;Testartikel 40;40
NDF FBH;Artikel;200041;Testartikel 41;41
NDF FBH;Artikel;200042;Testartikel 42;42
NDF FBH;Artikel;200043;Testartikel 43;43
NDF FBH;Artikel;200044;Testartikel 44;44
NDF FBH;Artikel;200045;Testartikel 45;45
NDF FBH;Artikel;200046;Testartikel 46;46
NDF FBH;Artikel;200047;Testartikel 47;47
NDF FBH;Artikel;200048;Testartikel 48;48
NDF FBH;Artikel;200049;Testartikel 49;49
NDF FBH;Artikel;200050;Testartikel 50;50
NDF FBH;Artikel;200051;Testartikel 51;51
NDF FBH;Artikel;200052;Testartikel 52;52
NDF FBH;Artikel;200053;Testartikel 53;53
NDF FBH;Artikel;200054;Testartikel 54;54
NDF FBH;Artikel;200055;Testartikel 55;55
NDF FBH;Artikel;200056;Testartikel 56;56
NDF FBH;Artikel;200057;Testartikel 57;57
NDF FBH;Artikel;200058;Testartikel 58;58
NDF FBH;Artikel;200059;Testartikel 59;59
NDF FBH;Artikel;200060;Testartikel 60;60
NDF FBH;Artikel;200061;Testartikel 61;61
NDF FBH;Artikel;200062;Testartikel 62;62
NDF FBH;Artikel;200063;Testartikel 63;63
NDF FBH;Artikel;200064;Testartikel 64;64
NDF FBH;Artikel;200065;Testartikel 65;65
NDF FBH;Artikel;200066;Testartikel 66;66
NDF FBH;Artikel;200067;Testartikel 67;67
NDF FBH;Artikel;200068;Testartikel 68;68
NDF FBH;Artikel;200069;Testartikel 69;69
NDF FBH;Artikel;200070;Testartikel 70;70
NDF FBH;Artikel;200071;Testartikel 71;71
NDF FBH;Artikel;200072;Testartikel 72;72
NDF FBH;Artikel;200073;Testartikel 73;73
NDF FBH;Artikel;200074;Testartikel 74;74
NDF FBH;Artikel;200075;Testartikel 75;75
NDF FBH;Artikel;200076;Testartikel 76;76
NDF FBH;Artikel;200077;Testartikel 77;77
NDF FBH;Artikel;200078;Testartikel 78;78
NDF FBH;Artikel;200079;Testartikel 79;79
NDF FBH;Artikel;200080;Testartikel 80;80
NDF FBH;Artikel;200081;Testartikel 81;81
NDF FBH;Artikel;200082;Testartikel 82;82
NDF FBH;Artikel;200083;Testartikel 83;83
NDF FBH;Artikel;200084;Testartikel 84;84
NDF FBH;Artikel;200085;Testartikel 85;85
NDF FBH;Artikel;200086;Testartikel 86;86
NDF FBH;Artikel;200087;Testartikel 87;87
NDF FBH;Artikel;200088;Testartikel 88;88
NDF FBH;Artikel;200089;Testartikel 89;89
NDF FBH;Artikel;200090;Testartikel 90;90
NDF FBH;Artikel;200091;Testartikel 91;91
NDF FBH;Artikel;200092;Testartikel 92;92
NDF FBH;Artikel;200093;Testartikel 93;93
NDF FBH;Artikel;200094;Testartikel 94;94
NDF FBH;Artikel;200095;Testartikel 95;95
NDF FBH;Artikel;200096;Testartikel 96;96
NDF FBH;Artikel;200097;Testartikel 97;97
NDF FBH;Artikel;200098;Testartikel 98;98
NDF FBH;Artikel;200099;Testartikel 99;99
NDF FBH;Artikel;200100;Testartikel 100;100
NDF FBH;Artikel;200101;Testartikel 101;101
NDF FBH;Artikel;200102;Testartikel 102;102
NDF FBH;Artikel;200103;Testartikel 103;103
NDF FBH;Artikel;200104;Testartikel 104;104
NDF FBH;Artikel;200105;Testartikel 105;105
NDF FBH;Artikel;200106;Testartikel 106;106
NDF FBH;Artikel;200107;Testartikel 107;107
NDF FBH;Artikel;200108;Testartikel 108;108
NDF FBH;Artikel;200109;Testartikel 109;109
NDF FBH;Artikel;200110;Testartikel 110;110
NDF FBH;Artikel;200111;Testartikel 111;111
NDF FBH;Artikel;200112;Testartikel 112;112
NDF FBH;Artikel;200113;Testartikel 113;113
NDF FBH;Artikel;200114;Testartikel 114;114
NDF FBH;Artikel;200115;Testartikel 115;115
NDF FBH;Artikel;200116;Testartikel 116;116
NDF FBH;Artikel;200117;Testartikel 117;117
NDF FBH;Artikel;200118;Testartikel 118;118
NDF FBH;Artikel;200119;Testartikel 119;119
NDF FBH;Artikel;200120;Testartikel 120;120
NDF FBH;Artikel;200121;Testartikel 121;121
NDF FBH;Artikel;200122;Testartikel 122;122
NDF FBH;Artikel;200123;Testartikel 123;123
NDF FBH;Artikel;200124;Testartikel 124;124
NDF FBH;Artikel;200125;Testartikel 125;125
NDF FBH;Artikel;200126;Testartikel 126;126
NDF FBH;Artikel;200127;Testartikel 127;127
NDF FBH;Artikel;200128;Testartikel 128;128
NDF FBH;Artikel;200129;Testartikel 129;129
NDF FBH;Artikel;200130;Testartikel 130;130
NDF FBH;Artikel;200131;Testartikel 131;131
NDF FBH;Artikel;200132;Testartikel 132;132
NDF FBH;Artikel;200133;Testartikel 133;133
NDF FBH;Artikel;200134;Testartikel 134;134
NDF FBH;Artikel;200135;Testartikel 135;135
NDF FBH;Artikel;200136;Testartikel 136;136
NDF FBH;Artikel;200137;Testartikel 137;137
NDF FBH;Artikel;200138;Testartikel 138;138
NDF FBH;Artikel;200139;Testartikel 139;139
NDF FBH;Artikel;200140;Testartikel 140;140
NDF FBH;Artikel;200141;Testartikel 141;141
NDF FBH;Artikel;200142;Testartikel 142;142
NDF FBH;Artikel;200143;Testartikel 143;143
NDF FBH;Artikel;200144;Testartikel 144;144
NDF FBH;Artikel;200145;Testartikel 145;145
NDF FBH;Artikel;200146;Testartikel 146;146
NDF FBH;Artikel;200147;Testartikel 147;147
NDF FBH;Artikel;200148;Testartikel 148;148
NDF FBH;Artikel;200149;Testartikel 149;149
NDF FBH;Artikel;200150;Testartikel 150;150
NDF FBH;Artikel;200151;Testartikel 151;151
NDF FBH;Artikel;200152;Testartikel 152;152
NDF FBH;Artikel;200153;Testartikel 153;153
NDF FBH;Artikel;200154;Testartikel 154;154
NDF FBH;Artikel;200155;Testartikel 155;155
NDF FBH;Artikel;200156;Testartikel 156;156
NDF FBH;Artikel;200157;Testartikel 157;157
NDF FBH;Artikel;200158;Testartikel 158;158
NDF FBH;Artikel;200159;Testartikel 159;159
NDF FBH;Artikel;200160;Testartikel 160;160
NDF FBH;Artikel;200161;Testartikel 161;161
NDF FBH;Artikel;200162;Testartikel 162;162
NDF FBH;Artikel;200163;Testartikel 163;163
NDF FBH;Artikel;200164;Testartikel 164;164
NDF FBH;Artikel;200165;Testartikel 165;165
NDF FBH;Artikel;200166;Testartikel 166;166
NDF FBH;Artikel;200167;Testartikel 167;167
NDF FBH;Artikel;200168;Testartikel 168;168
NDF FBH;Artikel;200169;Testartikel 169;169
NDF FBH;Artikel;200170;Testartikel 170;170
NDF FBH;Artikel;200171;Testartikel 171;171
NDF FBH;Artikel;200172;Testartikel 172;172
NDF FBH;Artikel;200173;Testartikel 173;173
NDF FBH;Artikel;200174;Testartikel 174;174
NDF FBH;Artikel;200175;Testartikel 175;175
NDF FBH;Artikel;200176;Testartikel 176;176
NDF FBH;Artikel;200177;Testartikel 177;177
NDF FBH;Artikel;200178;Testartikel 178;178
NDF FBH;Artikel;200179;Testartikel 179;179
NDF FBH;Artikel;200180;Testartikel 180;180
NDF FBH;Artikel;200181;Testartikel 181;181
NDF FBH;Artikel;200182;Testartikel 182;182
NDF FBH;Artikel;200183;Testartikel 183;183
NDF FBH;Artikel;200184;Testartikel 184;184
NDF FBH;Artikel;200185;Testartikel 185;185
NDF FBH;Artikel;200186;Testartikel 186;186
NDF FBH;Artikel;200187;Testartikel 187;187
NDF FBH;Artikel;200188;Testartikel 188;188
NDF FBH;Artikel;200189;Testartikel 189;189
NDF FBH;Artikel;200190;Testartikel 190;190
NDF FBH;Artikel;200191;Testartikel 191;191
NDF FBH;Artikel;200192;Testartikel 192;192
NDF FBH;Artikel;200193;Testartikel 193;193
NDF FBH;Artikel;200194;Testartikel 194;194
NDF FBH;Artikel;200195;Testartikel 195;195
NDF FBH;Artikel;200196;Testartikel 196;196
NDF FBH;Artikel;200197;Testartikel 197;197
NDF FBH;Artikel;200198;Testartikel 198;198
NDF FBH;Artikel;200199;Testartikel 199;199
NDF FBH;Artikel;200200;Testartikel 200;200
NDF FBH;Artikel;200201;Testartikel 201;201
NDF FBH;Artikel;200202;Testartikel 202;202
NDF FBH;Artikel;200203;Testartikel 203;203
NDF FBH;Artikel;200204;Testartikel 204;204
NDF FBH;Artikel;200205;Testartikel 205;205
NDF FBH;Artikel;200206;Testartikel 206;206
NDF FBH;Artikel;200207;Testartikel 207;207
NDF FBH;Artikel;200208;Testartikel 208;208
NDF FBH;Artikel;200209;Testartikel 209;209
NDF FBH;Artikel;200210;Testartikel 210;210
NDF FBH;Artikel;200211;Testartikel 211;211
NDF FBH;Artikel;200212;Testartikel 212;212
NDF FBH;Artikel;200213;Testartikel 213;213
NDF FBH;Artikel;200214;Testartikel 214;214
NDF FBH;Artikel;200215;Testartikel 215;215
NDF FBH;Artikel;200216;Testartikel 216;216
NDF FBH;Artikel;200217;Testartikel 217;217
NDF FBH;Artikel;200218;Testartikel 218;218
NDF FBH;Artikel;200219;Testartikel 219;219
NDF FBH;Artikel;200220;Testartikel 220;220
NDF FBH;Artikel;200221;Testartikel 221;221
NDF FBH;Artikel;200222;Testartikel 222;222
NDF FBH;Artikel;200223;Testartikel 223;223
NDF FBH;Artikel;200224;Testartikel 224;224
NDF FBH;Artikel;200225;Testartikel 225;225
NDF FBH;Artikel;200226;Testartikel 226;226
NDF FBH;Artikel;200227;Testartikel 227;227
NDF FBH;Artikel;200228;Testartikel 228;228
NDF FBH;Artikel;200229;Testartikel 229;229
NDF FBH;Artikel;200230;Testartikel 230;230
NDF FBH;Artikel;200231;Testartikel 231;231
NDF FBH;Artikel;200232;Testartikel 232;232
NDF FBH;Artikel;200233;Testartikel 233;233
NDF FBH;Artikel;200234;Testartikel 234;234
NDF FBH;Artikel;200235;Testartikel 235;235
NDF FBH;Artikel;200236;Testartikel 236;236
NDF FBH;Artikel;200237;Testartikel 237;237
NDF FBH;Artikel;200238;Testartikel 238;238
NDF FBH;Artikel;200239;Testartikel 239;239
NDF FBH;Artikel;200240;Testartikel 240;240
NDF FBH;Artikel;200241;Testartikel 241;241
NDF FBH;Artikel;200242;Testartikel 242;242
NDF FBH;Artikel;200243;Testartikel 243;243
NDF FBH;Artikel;200244;Testartikel 244;244
NDF FBH;Artikel;200245;Testartikel 245;245
NDF FBH;Artikel;200246;Testartikel 246;246
NDF FBH;Artikel;200247;Testartikel 247;247
NDF FBH;Artikel;200248;Testartikel 248;248
NDF FBH;Artikel;200249;Testartikel 249;249
NDF FBH;Artikel;200250;Testartikel 250;250
NDF FBH;Artikel;200251;Testartikel 251;251
NDF FBH;Artikel;200252;Testartikel 252;252
NDF FBH;Artikel;200253;Testartikel 253;253
NDF FBH;Artikel;200254;Testartikel 254;254
NDF FBH;Artikel;200255;Testartikel 255;255
NDF FBH;Artikel;200256;Testartikel 256;256
NDF FBH;Artikel;200257;Testartikel 257;257
NDF FBH;Artikel;200258;Testartikel 258;258
NDF FBH;Artikel;200259;Testartikel 259;259
NDF FBH;Artikel;200260;Testartikel 260;260
NDF FBH;Artikel;200261;Testartikel 261;261
NDF FBH;Artikel;200262;Testartikel 262;262
NDF FBH;Artikel;200263;Testartikel 263;263
NDF FBH;Artikel;200264;Testartikel 264;264
NDF FBH;Artikel;200265;Testartikel 265;265
NDF FBH;Artikel;200266;Testartikel 266;266
NDF FBH;Artikel;200267;Testartikel 267;267
NDF FBH;Artikel;200268;Testartikel 268;268
NDF FBH;Artikel;200269;Testartikel 269;269
NDF FBH;Artikel;200270;Testartikel 270;270
NDF FBH;Artikel;200271;Testartikel 271;271
NDF FBH;Artikel;200272;Testartikel 272;272
NDF FBH;Artikel;200273;Testartikel 273;273
NDF FBH;Artikel;200274;Testartikel 274;274
NDF FBH;Artikel;200275;Testartikel 275;275
NDF FBH;Artikel;200276;Testartikel 276;276
NDF FBH;Artikel;200277;Testartikel 277;277
NDF FBH;Artikel;200278;Testartikel 278;278
NDF FBH;Artikel;200279;Testartikel 279;279
NDF FBH;Artikel;200280;Testartikel 280;280
NDF FBH;Artikel;200281;Testartikel 281;281
NDF FBH;Artikel;200282;Testartikel 282;282
NDF FBH;Artikel;200283;Testartikel 283;283
NDF FBH;Artikel;200284;Testartikel 284;284
NDF FBH;Artikel;200285;Testartikel 285;285
NDF FBH;Artikel;200286;Testartikel 286;286
NDF FBH;Artikel;200287;Testartikel 287;287
NDF FBH;Artikel;200288;Testartikel 288;288
NDF FBH;Artikel;200289;Testartikel 289;289
NDF FBH;Artikel;200290;Testartikel 290;290
NDF FBH;Artikel;200291;Testartikel 291;291
NDF FBH;Artikel;200292;Testartikel 292;292
NDF FBH;Artikel;200293;Testartikel 293;293
NDF FBH;Artikel;200294;Testartikel 294;294
NDF FBH;Artikel;200295;Testartikel 295;295
NDF FBH;Artikel;200296;Testartikel 296;296
NDF FBH;Artikel;200297;Testartikel 297;297
NDF FBH;Artikel;200298;Testartikel 298;298
NDF FBH;Artikel;200299;Testartikel 299;299
NDF FBH;Artikel;200300;Testartikel 300;300
NDF FBH;Artikel;200301;Testartikel 301;301
NDF FBH;Artikel;200302;Testartikel 302;302
NDF FBH;Artikel;200303;Testartikel 303;303
NDF FBH;Artikel;200304;Testartikel 304;304
NDF FBH;Artikel;200305;Testartikel 305;305
NDF FBH;Artikel;200306;Testartikel 306;306
NDF FBH;Artikel;200307;Testartikel 307;307
NDF FBH;Artikel;200308;Testartikel 308;308
NDF FBH;Artikel;200309;Testartikel 309;309
NDF FBH;Artikel;200310;Testartikel 310;310
NDF FBH;Artikel;200311;Testartikel 311;311
NDF FBH;Artikel;200312;Testartikel 312;312
NDF FBH;Artikel;200313;Testartikel 313;313
NDF FBH;Artikel;200314;Testartikel 314;314
NDF FBH;Artikel;200315;Testartikel 315;315
NDF FBH;Artikel;200316;Testartikel 316;316
NDF FBH;Artikel;200317;Testartikel 317;317
NDF FBH;Artikel;200318;Testartikel 318;318
NDF FBH;Artikel;200319;Testartikel 319;319
NDF FBH;Artikel;200320;Testartikel 320;320
NDF FBH;Artikel;200321;Testartikel 321;321
NDF FBH;Artikel;200322;Testartikel 322;322
NDF FBH;Artikel;200323;Testartikel 323;323
NDF FBH;Artikel;200324;Testartikel 324;324
NDF FBH;Artikel;200325;Testartikel 325;325
NDF FBH;Artikel;200326;Testartikel 326;326
NDF FBH;Artikel;200327;Testartikel 327;327
NDF FBH;Artikel;200328;Testartikel 328;328
NDF FBH;Artikel;200329;Testartikel 329;329
NDF FBH;Artikel;200330;Testartikel 330;330
NDF FBH;Artikel;200331;Testartikel 331;331
NDF FBH;Artikel;200332;Testartikel 332;332
NDF FBH;Artikel;200333;Testartikel 333;333
NDF FBH;Artikel;200334;Testartikel 334;334
NDF FBH;Artikel;200335;Testartikel 335;335
NDF FBH;Artikel;200336;Testartikel 336;336
NDF FBH;Artikel;200337;Testartikel 337;337
NDF FBH;Artikel;200338;Testartikel 338;338
NDF FBH;Artikel;200339;Testartikel 339;339
NDF FBH;Artikel;200340;Testartikel 340;340
NDF FBH;Artikel;200341;Testartikel 341;341
NDF FBH;Artikel;200342;Testartikel 342;342
NDF FBH;Artikel;200343;Testartikel 343;343
NDF FBH;Artikel;200344;Testartikel 344;344
NDF FBH;Artikel;200345;Testartikel 345;345
NDF FBH;Artikel;200346;Testartikel 346;346
NDF FBH;Artikel;200347;Testartikel 347;347
NDF FBH;Artikel;200348;Testartikel 348;348
NDF FBH;Artikel;200349;Testartikel 349;349
NDF FBH;Artikel;200350;Testartikel 350;350
NDF FBH;Artikel;200351;Testartikel 351;351
NDF FBH;Artikel;200352;Testartikel 352;352
NDF FBH;Artikel;200353;Testartikel 353;353
NDF FBH;Artikel;200354;Testartikel 354;354
NDF FBH;Artikel;200355;Testartikel 355;355
NDF FBH;Artikel;200356;Testartikel 356;356
NDF FBH;Artikel;200357;Testartikel 357;357
NDF FBH;Artikel;200358;Testartikel 358;358
NDF FBH;Artikel;200359;Testartikel 359;359
NDF FBH;Artikel;200360;Testartikel 360;360
NDF FBH;Artikel;200361;Testartikel 361;361
NDF FBH;Artikel;200362;Testartikel 362;362
NDF FBH;Artikel;200363;Testartikel 363;363
NDF FBH;Artikel;200364;Testartikel 364;364
NDF FBH;Artikel;200365;Testartikel 365;365
NDF FBH;Artikel;200366;Testartikel 366;366
NDF FBH;Artikel;200367;Testartikel 367;367
NDF FBH;Artikel;200368;Testartikel 368;368
NDF FBH;Artikel;200369;Testartikel 369;369
NDF FBH;Artikel;200370;Testartikel 370;370
NDF FBH;Artikel;200371;Testartikel 371;371
NDF FBH;Artikel;200372;Testartikel 372;372
NDF FBH;Artikel;200373;Testartikel 373;373
NDF FBH;Artikel;200374;Testartikel 374;374
NDF FBH;Artikel;200375;Testartikel 375;375
NDF FBH;Artikel;200376;Testartikel 376;376
NDF FBH;Artikel;200377;Testartikel 377;377
NDF FBH;Artikel;200378;Testartikel 378;378
NDF FBH;Artikel;200379;Testartikel 379;379
NDF FBH;Artikel;200380;Testartikel 380;380
NDF FBH;Artikel;200381;Testartikel 381;381
NDF FBH;Artikel;200382;Testartikel 382;382
NDF FBH;Artikel;200383;Testartikel 383;383
NDF FBH;Artikel;200384;Testartikel 384;384
NDF FBH;Artikel;200385;Testartikel 385;385
NDF FBH;Artikel;200386;Testartikel 386;386
NDF FBH;Artikel;200387;Testartikel 387;387
NDF FBH;Artikel;200388;Testartikel 388;388
NDF FBH;Artikel;200389;Testartikel 389;389
NDF FBH;Artikel;200390;Testartikel 390;390
NDF FBH;Artikel;200391;Testartikel 391;391
NDF FBH;Artikel;200392;Testartikel 392;392
NDF FBH;Artikel;200393;Testartikel 393;393
NDF FBH;Artikel;200394;Testartikel 394;394
NDF FBH;Artikel;200395;Testartikel 395;395
NDF FBH;Artikel;200396;Testartikel 396;396
NDF FBH;Artikel;200397;Testartikel 397;397
NDF FBH;Artikel;200398;Testartikel 398;398
NDF FBH;Artikel;200399;Testartikel 399;399
NDF FBH;Artikel;200400;Testartikel 400;400
NDF FBH;Artikel;200401;Testartikel 401;401
NDF FBH;Artikel;200402;Testartikel 402;402
NDF FBH;Artikel;200403;Testartikel 403;403
NDF FBH;Artikel;200404;Testartikel 404;404
NDF FBH;Artikel;200405;Testartikel 405;405
NDF FBH;Artikel;200406;Testartikel 406;406
NDF FBH;Artikel;200407;Testartikel 407;407
NDF FBH;Artikel;200408;Testartikel 408;408
NDF FBH;Artikel;200409;Testartikel 409;409
NDF FBH;Artikel;200410;Testartikel 410;410
NDF FBH;Artikel;200411;Testartikel 411;411
NDF FBH;Artikel;200412;Testartikel 412;412
NDF FBH;Artikel;200413;Testartikel 413;413
NDF FBH;Artikel;200414;Testartikel 414;414
NDF FBH;Artikel;200415;Testartikel 415;415
NDF FBH;Artikel;200416;Testartikel 416;416
NDF FBH;Artikel;200417;Testartikel 417;417
NDF FBH;Artikel;200418;Testartikel 418;418
NDF FBH;Artikel;200419;Testartikel 419;419
NDF FBH;Artikel;200420;Testartikel 420;420
NDF FBH;Artikel;200421;Testartikel 421;421
NDF FBH;Artikel;200422;Testartikel 422;422
NDF FBH;Artikel;200423;Testartikel 423;423
NDF FBH;Artikel;200424;Testartikel 424;424
NDF FBH;Artikel;200425;Testartikel 425;425
NDF FBH;Artikel;200426;Testartikel 426;426
NDF FBH;Artikel;200427;Testartikel 427;427
NDF FBH;Artikel;200428;Testartikel 428;428
NDF FBH;Artikel;200429;Testartikel 429;429
NDF FBH;Artikel;200430;Testartikel 430;430
NDF FBH;Artikel;200431;Testartikel 431;431
NDF FBH;Artikel;200432;Testartikel 432;432
NDF FBH;Artikel;200433;Testartikel 433;433
NDF FBH;Artikel;200434;Testartikel 434;434
NDF FBH;Artikel;200435;Testartikel 435;435
NDF FBH;Artikel;200436;Testartikel 436;436
NDF FBH;Artikel;200437;Testartikel 437;437
NDF FBH;Artikel;200438;Testartikel 438;438
NDF FBH;Artikel;200439;Testartikel 439;439
NDF FBH;Artikel;200440;Testartikel 440;440
NDF FBH;Artikel;200441;Testartikel 441;441
NDF FBH;Artikel;200442;Testartikel 442;442
NDF FBH;Artikel;200443;Testartikel 443;443
NDF FBH;Artikel;200444;Testartikel 444;444
NDF FBH;Artikel;200445;Testartikel 445;445
NDF FBH;Artikel;200446;Testartikel 446;446
NDF FBH;Artikel;200447;Testartikel 447;447
NDF FBH;Artikel;200448;Testartikel 448;448
NDF FBH;Artikel;200449;Testartikel 449;449
NDF FBH;Artikel;200450;Testartikel 450;450
NDF FBH;Artikel;200451;Testartikel 451;451
NDF FBH;Artikel;200452;Testartikel 452;452
NDF FBH;Artikel;200453;Testartikel 453;453
NDF FBH;Artikel;200454;Testartikel 454;454
NDF FBH;Artikel;200455;Testartikel 455;455
NDF FBH;Artikel;200456;Testartikel 456;456
NDF FBH;Artikel;200457;Testartikel 457;457
NDF FBH;Artikel;200458;Testartikel 458;458
NDF FBH;Artikel;200459;Testartikel 459;459
NDF FBH;Artikel;200460;Testartikel 460;460
NDF FBH;Artikel;200461;Testartikel 461;461
NDF FBH;Artikel;200462;Testartikel 462;462
NDF FBH;Artikel;200463;Testartikel 463;463
NDF FBH;Artikel;200464;Testartikel 464;464
NDF FBH;Artikel;200465;Testartikel 465;465
NDF FBH;Artikel;200466;Testartikel 466;466
NDF FBH;Artikel;200467;Testartikel 467;467
NDF FBH;Artikel;200468;Testartikel 468;468
NDF FBH;Artikel;200469;Testartikel 469;469
NDF FBH;Artikel;200470;Testartikel 470;470
NDF FBH;Artikel;200471;Testartikel 471;471
NDF FBH;Artikel;200472;Testartikel 472;472
NDF FBH;Artikel;200473;Testartikel 473;473
NDF FBH;Artikel;200474;Testartikel 474;474
NDF FBH;Artikel;200475;Testartikel 475;475
NDF FBH;Artikel;200476;Testartikel 476;476
NDF FBH;Artikel;200477;Testartikel 477;477
NDF FBH;Artikel;200478;Testartikel 478;478
NDF FBH;Artikel;200479;Testartikel 479;479
NDF FBH;Artikel;200480;Testartikel 480;480
NDF FBH;Artikel;200481;Testartikel 481;481
NDF FBH;Artikel;200482;Testartikel 482;482
NDF FBH;Artikel;200483;Testartikel 483;483
NDF FBH;Artikel;200484;Testartikel 484;484
NDF FBH;Artikel;200485;Testartikel 485;485
NDF FBH;Artikel;200486;Testartikel 486;486
NDF FBH;Artikel;200487;Testartikel 487;487
NDF FBH;Artikel;200488;Testartikel 488;488
NDF FBH;Artikel;200489;Testartikel 489;489
